start,stop,intergenic_region
1525,2051,interg_1
3261,3279,interg_2
4998,5239,interg_3
7268,7301,interg_4
9819,9913,interg_5
10829,11873,interg_6
12312,12467,interg_7
13017,13132,interg_8
13559,13713,interg_9
13996,14088,interg_10
14878,14913,interg_11
23182,23269,interg_12
23738,23860,interg_13
25445,25912,interg_14
26882,27022,interg_15
27443,27594,interg_16
29208,29244,interg_17
29608,29721,interg_18
31069,31188,interg_19
31507,31513,interg_20
31820,32056,interg_21
33155,33223,interg_22
33554,34294,interg_23
38948,39055,interg_24
39830,39876,interg_25
41203,41303,interg_26
41913,42003,interg_27
42352,42432,interg_28
43366,43561,interg_29
46472,46580,interg_30
47208,47365,interg_31
48101,48232,interg_32
49028,49042,interg_33
49940,50020,interg_34
51125,51184,interg_35
51728,51827,interg_36
52698,52830,interg_37
53245,53662,interg_38
57379,57409,interg_39
57974,58191,interg_40
58483,58585,interg_41
59081,59121,interg_42
59377,59408,interg_43
59868,59895,interg_44
63021,63199,interg_45
63893,63908,interg_46
64968,65011,interg_47
65351,65551,interg_48
66695,66922,interg_49
68363,68417,interg_50
68580,68619,interg_51
71560,71588,interg_52
72223,72273,interg_53
74512,74628,interg_54
75199,75300,interg_55
76213,76236,interg_56
78897,79485,interg_57
80194,80623,interg_58
81674,81675,interg_59
82669,82747,interg_60
83984,83995,interg_61
85169,85182,interg_62
85573,85635,interg_63
86467,86527,interg_64
87134,87207,interg_65
88005,88203,interg_66
89481,89574,interg_67
89920,89923,interg_68
92323,92327,interg_69
93279,93288,interg_70
96893,96926,interg_71
97602,97757,interg_72
98352,98479,interg_73
99251,99683,interg_74
100452,100582,interg_75
103664,103709,interg_76
104664,104804,interg_77
105216,105323,interg_78
106716,106733,interg_79
108152,108155,interg_80
109779,109782,interg_81
117540,117713,interg_82
119700,119914,interg_83
122174,122316,interg_84
123832,123979,interg_85
124265,124373,interg_86
125571,125642,interg_87
130542,130894,interg_88
131105,131381,interg_89
132873,133019,interg_90
133770,133949,interg_91
136008,136288,interg_92
137246,137318,interg_93
137910,137940,interg_94
139674,139955,interg_95
140145,140266,interg_96
141023,141199,interg_97
143877,144048,interg_98
147772,147907,interg_99
148343,148490,interg_100
149225,149532,interg_101
150997,151147,interg_102
152216,152323,interg_103
154130,154231,interg_104
155600,155666,interg_105
156447,156577,interg_106
157601,157846,interg_107
158303,158314,interg_108
159659,159699,interg_109
160783,160868,interg_110
161475,161770,interg_111
163250,163365,interg_112
164692,164711,interg_113
165261,165322,interg_114
166850,166909,interg_115
167682,167710,interg_116
168638,168703,interg_117
170183,170283,interg_118
171127,171214,interg_119
172169,172210,interg_120
173144,173237,interg_121
174759,174832,interg_122
175694,175699,interg_123
176953,177542,interg_124
179310,179318,interg_125
180897,181154,interg_126
181986,181986,interg_127
183199,183621,interg_128
186480,186494,interg_129
186624,186784,interg_130
187430,187432,interg_131
188840,188930,interg_132
190440,190606,interg_133
191957,191983,interg_134
193573,193625,interg_135
194112,194143,interg_136
194816,194992,interg_137
196658,196860,interg_138
197659,197659,interg_139
198530,198533,interg_140
206779,206813,interg_141
209673,209702,interg_142
210813,210891,interg_143
212251,212276,interg_144
213012,213027,interg_145
214928,214968,interg_146
216225,216268,interg_147
218345,218389,interg_148
218552,218704,interg_149
219368,219485,interg_150
219918,219995,interg_151
221724,221870,interg_152
222162,222288,interg_153
223531,223563,interg_154
224665,224723,interg_155
226572,226877,interg_156
230463,230898,interg_157
231535,231646,interg_158
236508,236549,interg_159
241293,241513,interg_160
241925,241975,interg_161
243215,243383,interg_162
247319,247383,interg_163
248113,248114,interg_164
248907,249037,interg_165
251599,251781,interg_166
253603,253668,interg_167
255951,256063,interg_168
257678,258912,interg_169
260832,260923,interg_170
262253,262253,interg_171
262803,262811,interg_172
264024,264066,interg_173
265477,265506,interg_174
266296,266300,interg_175
267765,267862,interg_176
268628,268662,interg_177
269818,269833,interg_178
271565,271573,interg_179
272840,273054,interg_180
274279,274305,interg_181
274720,274982,interg_182
275964,276057,interg_183
277765,277898,interg_184
279530,279604,interg_185
281141,281165,interg_186
282615,282648,interg_187
286852,286897,interg_188
287072,287185,interg_189
288353,288427,interg_190
289043,289103,interg_191
289338,289344,interg_192
289783,289811,interg_193
290655,290664,interg_194
292030,292170,interg_195
293494,293797,interg_196
295634,296004,interg_197
296494,296808,interg_198
300804,300833,interg_199
301656,301734,interg_200
302029,302172,interg_201
302653,302865,interg_202
305428,305452,interg_203
305810,305824,interg_204
306350,306373,interg_205
307859,307876,interg_206
309548,309698,interg_207
310074,310293,interg_208
310750,310773,interg_209
312660,312758,interg_210
314169,314308,interg_211
314855,314863,interg_212
315767,315782,interg_213
316416,316510,interg_214
317504,317524,interg_215
321155,321330,interg_216
322723,322763,interg_217
323274,323337,interg_218
324532,324566,interg_219
326250,326265,interg_220
328462,328574,interg_221
330326,330421,interg_222
331659,331747,interg_223
332669,332707,interg_224
333137,333436,interg_225
336311,336559,interg_226
339074,339363,interg_227
340975,340997,interg_228
341907,342129,interg_229
349933,349934,interg_230
351477,351524,interg_231
351819,351847,interg_232
352139,352148,interg_233
353037,353082,interg_234
358065,358170,interg_235
359749,359757,interg_236
361156,361333,interg_237
363110,363251,interg_238
363779,363825,interg_239
364470,364604,interg_240
366143,366149,interg_241
372765,372819,interg_242
375712,375913,interg_243
377056,377112,interg_244
377830,377930,interg_245
378588,378656,interg_246
379149,379171,interg_247
380402,380555,interg_248
382419,382489,interg_249
382877,382878,interg_250
383542,383601,interg_251
384487,384534,interg_252
385150,385172,interg_253
385944,386304,interg_254
387100,387147,interg_255
387817,387887,interg_256
388551,388581,interg_257
389155,389259,interg_258
391252,391351,interg_259
392033,392038,interg_260
392264,392272,interg_261
394046,394110,interg_262
395321,395346,interg_263
396088,396200,interg_264
397368,397441,interg_265
398228,398253,interg_266
398629,398657,interg_267
399525,399534,interg_268
400051,400191,interg_269
401704,401872,interg_270
403163,403192,interg_271
405842,405949,interg_272
408449,408633,interg_273
409174,409361,interg_274
410802,410837,interg_275
414239,414380,interg_276
414942,415049,interg_277
415461,415501,interg_278
416966,417303,interg_279
418291,418292,interg_280
418947,418948,interg_281
419609,419834,interg_282
422417,422451,interg_283
424020,424268,interg_284
424695,424776,interg_285
434680,434829,interg_286
436770,436859,interg_287
437508,437517,interg_288
438298,438301,interg_289
438740,438821,interg_290
439650,439870,interg_291
441254,441264,interg_292
442300,442394,interg_293
444198,444221,interg_294
444816,444843,interg_295
445234,445313,interg_296
446526,446530,interg_297
447047,447146,interg_298
449386,449403,interg_299
452280,452293,interg_300
453155,453229,interg_301
454373,454420,interg_302
455387,455636,interg_303
455859,455976,interg_304
456193,456267,interg_305
456820,456914,interg_306
457824,457840,interg_307
458381,458460,interg_308
459316,459455,interg_309
462003,462134,interg_310
463308,463410,interg_311
466669,468334,interg_312
472640,472780,interg_313
474107,474121,interg_314
474842,474939,interg_315
475345,475349,interg_316
475743,475815,interg_317
476185,476393,interg_318
476643,476678,interg_319
477321,477326,interg_320
478557,478565,interg_321
479754,479788,interg_322
480161,480354,interg_323
483657,483976,interg_324
490706,490782,interg_325
495009,495061,interg_326
499620,499712,interg_327
501019,501147,interg_328
503125,503495,interg_329
504999,505085,interg_330
506972,507131,interg_331
508556,508581,interg_332
510226,510376,interg_333
510653,510701,interg_334
515322,515372,interg_335
515817,516016,interg_336
516893,516894,interg_337
518397,518732,interg_338
519042,519072,interg_339
519568,519599,interg_340
520323,520323,interg_341
521455,521513,interg_342
522168,522346,interg_343
526083,526142,interg_344
527361,527378,interg_345
528315,528607,interg_346
530231,530295,interg_347
530725,530750,interg_348
532215,532395,interg_349
532912,533090,interg_350
533790,533832,interg_351
534397,534444,interg_352
535216,535223,interg_353
537170,537228,interg_354
538549,538587,interg_355
541911,542141,interg_356
542853,543173,interg_357
544731,545374,interg_358
545822,545888,interg_359
546804,547075,interg_360
547518,547585,interg_361
549608,549674,interg_362
551690,551748,interg_363
551989,552025,interg_364
552551,552613,interg_365
554009,554015,interg_366
554310,554312,interg_367
556307,556457,interg_368
557253,557526,interg_369
558814,558894,interg_370
559756,559887,interg_371
560749,560847,interg_372
561712,561853,interg_373
562714,562722,interg_374
563428,563563,interg_375
564935,565020,interg_376
565444,565796,interg_377
566397,566507,interg_378
566772,566775,interg_379
567897,567920,interg_380
569807,569987,interg_381
570513,570538,interg_382
571649,571709,interg_383
573802,573983,interg_384
575301,575347,interg_385
577339,577663,interg_386
578270,578425,interg_387
579176,579348,interg_388
580582,580808,interg_389
584691,584694,interg_390
586315,586393,interg_391
588310,588324,interg_392
589168,589182,interg_393
590059,590082,interg_394
590971,591110,interg_395
591348,591653,interg_396
592785,592790,interg_397
593868,593870,interg_398
594780,594801,interg_399
595303,595463,interg_400
596586,596758,interg_401
600392,600440,interg_402
601848,601856,interg_403
602787,602818,interg_404
604517,604601,interg_405
605592,605603,interg_406
606449,606550,interg_407
608536,608745,interg_408
610057,610187,interg_409
610884,611171,interg_410
612075,613037,interg_411
614722,614834,interg_412
616832,616845,interg_413
618273,618304,interg_414
620866,620906,interg_415
622283,622328,interg_416
622647,622792,interg_417
625481,625561,interg_418
626441,626456,interg_419
628289,628297,interg_420
629732,630039,interg_421
631687,631742,interg_422
633035,633054,interg_423
634405,634415,interg_424
635505,635572,interg_425
635876,635934,interg_426
637464,637582,interg_427
637970,638031,interg_428
638917,639011,interg_429
639957,640227,interg_430
640905,641095,interg_431
642812,642888,interg_432
646256,646297,interg_433
648475,648535,interg_434
649673,649688,interg_435
650394,650406,interg_436
650746,650778,interg_437
651505,651528,interg_438
652756,652770,interg_439
653779,653878,interg_440
654740,654923,interg_441
655950,656009,interg_442
657471,657547,interg_443
658040,658320,interg_444
659341,659449,interg_445
660869,661002,interg_446
661270,661294,interg_447
663374,663486,interg_448
664819,665041,interg_449
665384,665850,interg_450
667243,667251,interg_451
668395,668578,interg_452
669746,669847,interg_453
671153,671165,interg_454
671952,671995,interg_455
675917,676237,interg_456
676997,677124,interg_457
677617,677709,interg_458
678330,678388,interg_459
679076,679228,interg_460
681863,681884,interg_461
684273,684409,interg_462
685927,685927,interg_463
686816,686820,interg_464
688036,689058,interg_465
693233,693236,interg_466
694788,694838,interg_467
695486,695667,interg_468
696904,697153,interg_469
697801,697903,interg_470
698411,698523,interg_471
698995,699037,interg_472
699800,699855,interg_473
700168,700238,interg_474
701190,701429,interg_475
702015,702812,interg_476
703200,703243,interg_477
704058,704751,interg_478
705910,705960,interg_479
706183,706323,interg_480
706930,706947,interg_481
709516,709598,interg_482
710588,710781,interg_483
711408,712715,interg_484
713808,714201,interg_485
715267,715369,interg_486
716318,716409,interg_487
717060,717152,interg_488
717894,718024,interg_489
718690,718760,interg_490
719913,720004,interg_491
728307,728582,interg_492
729279,729326,interg_493
730167,730319,interg_494
731034,731112,interg_495
731365,731711,interg_496
731880,731929,interg_497
732822,732824,interg_498
733326,733736,interg_499
734223,734253,interg_500
734971,735021,interg_501
735451,735516,interg_502
736225,736297,interg_503
737204,737267,interg_504
738150,738296,interg_505
739161,739326,interg_506
740188,740233,interg_507
741140,741150,interg_508
742618,742718,interg_509
747946,748275,interg_510
748813,748848,interg_511
749930,749999,interg_512
751506,751516,interg_513
752597,752983,interg_514
753368,753461,interg_515
753618,753692,interg_516
754410,754684,interg_517
755226,755334,interg_518
756024,756136,interg_519
758501,758531,interg_520
759310,759806,interg_521
763326,763369,interg_522
767321,767683,interg_523
769598,769791,interg_524
770551,770581,interg_525
771425,771483,interg_526
773113,773122,interg_527
774062,774063,interg_528
775575,775585,interg_529
778906,778989,interg_530
779488,779542,interg_531
780041,780041,interg_532
780417,780720,interg_533
781312,781559,interg_534
782405,782484,interg_535
784591,784820,interg_536
786012,786148,interg_537
786947,787098,interg_538
787927,787939,interg_539
789412,790023,interg_540
791667,791756,interg_541
793333,793334,interg_542
794526,794714,interg_543
795471,795518,interg_544
796932,796932,interg_545
798373,798832,interg_546
799445,799628,interg_547
799851,800486,interg_548
800793,800808,interg_549
802436,802527,interg_550
803371,803410,interg_551
805107,805109,interg_552
806167,806334,interg_553
808699,808745,interg_554
809646,809945,interg_555
810888,811372,interg_556
812623,812626,interg_557
812813,812975,interg_558
813375,813397,interg_559
813938,813939,interg_560
814309,814327,interg_561
814991,814992,interg_562
815631,815662,interg_563
817535,817538,interg_564
818445,818536,interg_565
819641,819842,interg_566
821477,821506,interg_567
822854,822865,interg_568
823595,823682,interg_569
824640,824799,interg_570
826668,826669,interg_571
827471,827542,interg_572
828077,828139,interg_573
828893,829206,interg_574
829705,830061,interg_575
830611,830854,interg_576
831662,831775,interg_577
832304,832980,interg_578
833509,833885,interg_579
834947,835153,interg_580
835682,835700,interg_581
838053,838450,interg_582
840857,840946,interg_583
841205,841227,interg_584
841657,841736,interg_585
841875,842032,interg_586
842279,842346,interg_587
843232,843241,interg_588
844415,844420,interg_589
845954,846158,interg_590
847914,848102,interg_591
850041,850740,interg_592
851467,851607,interg_593
852352,852395,interg_594
854158,854266,interg_595
854687,854698,interg_596
855827,855924,interg_597
856471,856472,interg_598
856680,856681,interg_599
860711,860911,interg_600
862382,862411,interg_601
863159,863255,interg_602
864575,864585,interg_603
867390,867439,interg_604
868352,868406,interg_605
869764,870007,interg_606
871427,871430,interg_607
873293,873342,interg_608
874237,876817,interg_609
878441,878637,interg_610
879325,879339,interg_611
881041,881074,interg_612
882419,882523,interg_613
883435,883450,interg_614
884051,884071,interg_615
886647,886718,interg_616
887025,887136,interg_617
888637,890387,interg_618
893274,893317,interg_619
894620,894630,interg_620
895629,895819,interg_621
898711,898830,interg_622
901331,901634,interg_623
902025,902110,interg_624
903695,903724,interg_625
904820,904904,interg_626
905088,905233,interg_627
906341,906422,interg_628
907293,907337,interg_629
908019,908180,interg_630
908484,908484,interg_631
909319,909610,interg_632
910843,910971,interg_633
912684,912725,interg_634
913503,913557,interg_635
914200,914256,interg_636
916312,916476,interg_637
917647,917733,interg_638
918751,918911,interg_639
919554,919633,interg_640
920690,920740,interg_641
921134,921190,interg_642
921614,921969,interg_643
922876,922893,interg_644
923710,924950,interg_645
927611,927836,interg_646
930486,930952,interg_647
931598,932278,interg_648
932933,933002,interg_649
934032,934719,interg_650
935491,935576,interg_651
936390,936456,interg_652
937318,937592,interg_653
937836,938111,interg_654
940393,940455,interg_655
941107,941189,interg_656
942468,942679,interg_657
944195,944342,interg_658
944736,944937,interg_659
947316,947640,interg_660
948469,948756,interg_661
949396,949435,interg_662
951119,951182,interg_663
951627,951631,interg_664
952712,952824,interg_665
953230,953256,interg_666
954921,955076,interg_667
956289,956292,interg_668
958456,958522,interg_669
960152,960341,interg_670
962613,962679,interg_671
962881,962889,interg_672
964295,964311,interg_673
965536,965982,interg_674
966262,966264,interg_675
967734,967897,interg_676
968306,968423,interg_677
970245,970504,interg_678
972458,972545,interg_679
973707,973805,interg_680
975938,976074,interg_681
976864,976871,interg_682
978204,978480,interg_683
978757,978933,interg_684
981268,981423,interg_685
982555,982761,interg_686
983785,983802,interg_687
985972,987232,interg_688
988706,988739,interg_689
989862,989947,interg_690
992597,992597,interg_691
993456,993852,interg_692
996296,996523,interg_693
997706,997781,interg_694
999300,999471,interg_695
1000768,1000807,interg_696
1002416,1002440,interg_697
1002705,1002811,interg_698
1003793,1003804,interg_699
1004485,1004500,interg_700
1005842,1005851,interg_701
1006563,1006692,interg_702
1008181,1008206,interg_703
1008939,1008943,interg_704
1010063,1010135,interg_705
1014125,1014680,interg_706
1014861,1014865,interg_707
1015301,1015397,interg_708
1016172,1016235,interg_709
1016686,1017216,interg_710
1018726,1018726,interg_711
1019966,1020057,interg_712
1021330,1021343,interg_713
1021644,1022086,interg_714
1023869,1024210,interg_715
1025185,1025496,interg_716
1026817,1027103,interg_717
1029338,1029512,interg_718
1031865,1031895,interg_719
1032634,1032709,interg_720
1033787,1033839,interg_721
1034632,1034902,interg_722
1036016,1036027,interg_723
1039915,1039935,interg_724
1041049,1041263,interg_725
1042095,1042114,interg_726
1043240,1043298,interg_727
1044316,1044316,interg_728
1046021,1046135,interg_729
1050347,1050592,interg_730
1051460,1051543,interg_731
1052318,1052359,interg_732
1052639,1052695,interg_733
1053737,1053764,interg_734
1054242,1054246,interg_735
1055009,1055023,interg_736
1056686,1057645,interg_737
1057964,1058259,interg_738
1060576,1060655,interg_739
1061655,1061963,interg_740
1063128,1063139,interg_741
1064052,1064113,interg_742
1064963,1065126,interg_743
1066039,1066077,interg_744
1067446,1067560,interg_745
1069777,1069882,interg_746
1073274,1073326,interg_747
1073929,1074073,interg_748
1074422,1074439,interg_749
1075115,1075296,interg_750
1076098,1076195,interg_751
1076679,1076777,interg_752
1077198,1077232,interg_753
1077836,1077974,interg_754
1078335,1078390,interg_755
1078688,1078742,interg_756
1081685,1081774,interg_757
1085751,1085755,interg_758
1087346,1087347,interg_759
1090176,1090372,interg_760
1093145,1093360,interg_761
1094357,1094669,interg_762
1094865,1094885,interg_763
1095060,1095077,interg_764
1096452,1096821,interg_765
1099023,1099065,interg_766
1101006,1101024,interg_767
1101481,1101802,interg_768
1105110,1105115,interg_769
1106277,1106404,interg_770
1107383,1107442,interg_771
1108100,1108171,interg_772
1108505,1108577,interg_773
1109172,1109271,interg_774
1110193,1110268,interg_775
1111550,1111611,interg_776
1112224,1112383,interg_777
1113461,1113860,interg_778
1114113,1114292,interg_779
1114725,1114747,interg_780
1115750,1115766,interg_781
1116526,1116530,interg_782
1117149,1117184,interg_783
1118394,1118427,interg_784
1119940,1120021,interg_785
1120880,1120888,interg_786
1122149,1122221,interg_787
1123599,1123713,interg_788
1125418,1125443,interg_789
1127004,1127088,interg_790
1127884,1128090,interg_791
1130106,1130190,interg_792
1131112,1131127,interg_793
1131422,1131624,interg_794
1133260,1133332,interg_795
1133909,1133920,interg_796
1134569,1134784,interg_797
1135466,1135500,interg_798
1136482,1136572,interg_799
1138061,1138314,interg_800
1138909,1138966,interg_801
1143649,1143735,interg_802
1144468,1144563,interg_803
1145854,1145857,interg_804
1146545,1146560,interg_805
1147979,1148426,interg_806
1151687,1151919,interg_807
1156423,1156425,interg_808
1157956,1157962,interg_809
1158737,1160543,interg_810
1160829,1160854,interg_811
1161152,1161296,interg_812
1162473,1162548,interg_813
1163377,1164571,interg_814
1165500,1165780,interg_815
1166807,1167052,interg_816
1168555,1169422,interg_817
1170671,1171037,interg_818
1172154,1172385,interg_819
1172833,1172880,interg_820
1173787,1173944,interg_821
1174701,1175722,interg_822
1176113,1177627,interg_823
1178393,1179395,interg_824
1180578,1180683,interg_825
1182316,1182390,interg_826
1183456,1183507,interg_827
1183982,1184014,interg_828
1184879,1184882,interg_829
1186824,1186903,interg_830
1187324,1187434,interg_831
1188394,1188420,interg_832
1190425,1190756,interg_833
1192149,1192509,interg_834
1195044,1195054,interg_835
1196093,1196278,interg_836
1197116,1197230,interg_837
1198083,1198155,interg_838
1199374,1199425,interg_839
1200371,1200766,interg_840
1201661,1201716,interg_841
1203112,1203312,interg_842
1204036,1204066,interg_843
1205234,1205303,interg_844
1205799,1205983,interg_845
1206419,1206519,interg_846
1209658,1209755,interg_847
1210485,1210594,interg_848
1211384,1211559,interg_849
1213864,1214512,interg_850
1214948,1215224,interg_851
1215408,1216468,interg_852
1219031,1219247,interg_853
1220187,1220573,interg_854
1221855,1221958,interg_855
1222787,1222996,interg_856
1224299,1224384,interg_857
1225261,1225262,interg_858
1227566,1227595,interg_859
1229385,1229390,interg_860
1230549,1230659,interg_861
1231292,1232843,interg_862
1233957,1233965,interg_863
1236096,1236184,interg_864
1237193,1237208,interg_865
1238193,1238254,interg_866
1239329,1239415,interg_867
1239985,1240186,interg_868
1240886,1241002,interg_869
1241189,1241632,interg_870
1241957,1241970,interg_871
1242832,1242863,interg_872
1243505,1243706,interg_873
1245108,1245128,interg_874
1247053,1247126,interg_875
1248078,1248081,interg_876
1249327,1249329,interg_877
1251405,1251616,interg_878
1252973,1253073,interg_879
1254535,1254554,interg_880
1257314,1257324,interg_881
1259056,1259066,interg_882
1261347,1261921,interg_883
1262159,1262271,interg_884
1264129,1265033,interg_885
1265439,1265471,interg_886
1266986,1267346,interg_887
1268196,1268202,interg_888
1269010,1269151,interg_889
1269959,1270061,interg_890
1271145,1271155,interg_891
1271909,1272422,interg_892
1273335,1273354,interg_893
1274768,1274899,interg_894
1275551,1276299,interg_895
1277749,1277892,interg_896
1278301,1278903,interg_897
1279618,1279654,interg_898
1281873,1282029,interg_899
1282219,1282305,interg_900
1282894,1283055,interg_901
1284172,1284178,interg_902
1284863,1284991,interg_903
1286569,1286594,interg_904
1287021,1287327,interg_905
1291027,1291064,interg_906
1292742,1292797,interg_907
1293404,1293405,interg_908
1294147,1294167,interg_909
1296055,1296151,interg_910
1298060,1298086,interg_911
1298693,1298763,interg_912
1299805,1299821,interg_913
1300125,1300303,interg_914
1301216,1301306,interg_915
1301748,1301754,interg_916
1302682,1302930,interg_917
1305502,1305668,interg_918
1306002,1306201,interg_919
1308793,1309004,interg_920
1309332,1309363,interg_921
1310453,1310479,interg_922
1313300,1313724,interg_923
1315192,1315233,interg_924
1319983,1320034,interg_925
1321454,1321519,interg_926
1324529,1324531,interg_927
1325612,1325775,interg_928
1327513,1327688,interg_929
1329306,1329389,interg_930
1332011,1332091,interg_931
1332965,1332979,interg_932
1333859,1333930,interg_933
1334846,1334926,interg_934
1335755,1335793,interg_935
1337216,1337247,interg_936
1338514,1339002,interg_937
1339303,1339348,interg_938
1340525,1340658,interg_939
1340956,1341005,interg_940
1341291,1341357,interg_941
1342606,1342941,interg_942
1345170,1345259,interg_943
1346906,1346935,interg_944
1348625,1348718,interg_945
1349283,1349331,interg_946
1351126,1351190,interg_947
1353119,1353156,interg_948
1354137,1354242,interg_949
1354471,1354497,interg_950
1355662,1355835,interg_951
1357051,1357292,interg_952
1357626,1357758,interg_953
1359445,1359471,interg_954
1360147,1360154,interg_955
1363362,1363502,interg_956
1364151,1364412,interg_957
1365187,1365343,interg_958
1365809,1365874,interg_959
1367462,1367462,interg_960
1367859,1367890,interg_961
1368722,1368831,interg_962
1370826,1370919,interg_963
1371478,1371528,interg_964
1371703,1371776,interg_965
1372950,1372961,interg_966
1374198,1374321,interg_967
1376169,1376229,interg_968
1376827,1376975,interg_969
1377504,1377523,interg_970
1379851,1379854,interg_971
1380680,1380683,interg_972
1381866,1381941,interg_973
1383043,1383212,interg_974
1384203,1384277,interg_975
1384967,1384988,interg_976
1386678,1386856,interg_977
1387718,1387797,interg_978
1388629,1388684,interg_979
1389245,1389356,interg_980
1393053,1393193,interg_981
1393983,1394178,interg_982
1399241,1399295,interg_983
1399905,1399969,interg_984
1404604,1404716,interg_985
1408239,1408239,interg_986
1409359,1409483,interg_987
1409934,1409937,interg_988
1410373,1410430,interg_989
1411820,1411893,interg_990
1413088,1413259,interg_991
1413941,1413959,interg_992
1415841,1416180,interg_993
1417348,1417657,interg_994
1418357,1418578,interg_995
1418954,1419013,interg_996
1419749,1419960,interg_997
1420303,1420409,interg_998
1424051,1424196,interg_999
1425294,1425437,interg_1000
1425915,1426163,interg_1001
1430042,1430061,interg_1002
1431649,1431664,interg_1003
1437118,1437323,interg_1004
1437816,1437908,interg_1005
1440752,1440804,interg_1006
1441291,1441347,interg_1007
1442719,1442766,interg_1008
1443400,1443481,interg_1009
1445048,1445057,interg_1010
1445373,1445498,interg_1011
1445835,1446378,interg_1012
1449372,1449374,interg_1013
1451780,1451996,interg_1014
1452948,1453203,interg_1015
1455013,1455162,interg_1016
1455406,1455494,interg_1017
1457543,1457557,interg_1018
1458212,1458294,interg_1019
1459510,1459765,interg_1020
1460997,1461044,interg_1021
1461291,1461320,interg_1022
1461837,1461842,interg_1023
1463184,1463227,interg_1024
1464878,1464883,interg_1025
1465802,1465840,interg_1026
1467302,1467314,interg_1027
1467681,1467687,interg_1028
1468132,1468170,interg_1029
1469506,1469670,interg_1030
1470253,1470320,interg_1031
1471578,1477133,interg_1032
1479119,1479198,interg_1033
1480825,1480893,interg_1034
1482502,1482513,interg_1035
1484218,1484278,interg_1036
1484960,1484981,interg_1037
1485279,1485312,interg_1038
1485772,1485861,interg_1039
1487032,1487160,interg_1040
1488076,1488153,interg_1041
1489966,1490116,interg_1042
1492313,1492319,interg_1043
1494426,1494563,interg_1044
1497156,1497194,interg_1045
1499190,1499212,interg_1046
1500560,1500660,interg_1047
1501583,1501598,interg_1048
1502634,1502640,interg_1049
1503082,1503102,interg_1050
1503385,1503393,interg_1051
1505891,1505916,interg_1052
1506739,1506754,interg_1053
1507535,1507572,interg_1054
1508924,1508967,interg_1055
1512606,1513046,interg_1056
1517363,1517490,interg_1057
1518561,1518762,interg_1058
1519135,1519199,interg_1059
1519986,1520004,interg_1060
1521877,1521884,interg_1061
1524821,1525292,interg_1062
1526217,1526611,interg_1063
1530092,1530172,interg_1064
1530926,1531347,interg_1065
1532371,1532442,interg_1066
1533634,1533947,interg_1067
1535393,1535682,interg_1068
1537645,1537782,interg_1069
1538170,1538389,interg_1070
1539441,1539511,interg_1071
1540646,1541019,interg_1072
1541806,1543358,interg_1073
1546007,1546011,interg_1074
1546993,1547071,interg_1075
1547531,1547831,interg_1076
1551218,1551227,interg_1077
1561270,1561463,interg_1078
1563389,1563693,interg_1079
1564267,1564400,interg_1080
1565028,1565092,interg_1081
1565426,1565440,interg_1082
1566698,1566824,interg_1083
1568037,1568108,interg_1084
1570970,1571046,interg_1085
1572082,1572126,interg_1086
1573858,1574111,interg_1087
1574768,1574849,interg_1088
1575810,1575833,interg_1089
1576797,1576929,interg_1090
1577533,1577612,interg_1091
1579581,1579597,interg_1092
1580423,1580590,interg_1093
1581074,1581144,interg_1094
1581970,1582165,interg_1095
1584475,1584498,interg_1096
1587767,1587771,interg_1097
1588483,1588566,interg_1098
1589173,1589385,interg_1099
1590293,1590396,interg_1100
1592615,1592638,interg_1101
1593326,1593504,interg_1102
1593979,1594041,interg_1103
1598884,1598892,interg_1104
1599655,1599657,interg_1105
1601038,1601058,interg_1106
1603929,1603931,interg_1107
1604760,1604877,interg_1108
1606147,1606385,interg_1109
1607973,1608082,interg_1110
1611271,1611433,interg_1111
1612250,1612255,interg_1112
1612951,1613306,interg_1113
1614327,1614328,interg_1114
1616350,1616960,interg_1115
1617387,1617836,interg_1116
1618071,1618208,interg_1117
1619685,1619790,interg_1118
1622092,1622206,interg_1119
1622693,1623286,interg_1120
1623698,1623713,interg_1121
1625366,1625417,interg_1122
1628081,1628096,interg_1123
1630200,1630637,interg_1124
1634628,1635028,interg_1125
1635956,1636003,interg_1126
1638230,1638380,interg_1127
1639647,1639673,interg_1128
1640661,1640679,interg_1129
1642426,1642536,interg_1130
1644261,1644362,interg_1131
1646139,1646185,interg_1132
1651517,1651517,interg_1133
1653579,1653672,interg_1134
1655503,1655608,interg_1135
1656722,1656962,interg_1136
1658937,1658979,interg_1137
1659355,1659369,interg_1138
1659742,1659762,interg_1139
1660621,1660655,interg_1140
1662285,1662380,interg_1141
1662573,1662640,interg_1142
1663205,1663214,interg_1143
1666047,1666203,interg_1144
1666765,1666989,interg_1145
1668409,1668418,interg_1146
1669145,1669282,interg_1147
1671367,1671376,interg_1148
1672385,1672456,interg_1149
1673300,1673439,interg_1150
1674184,1674201,interg_1151
1675012,1675016,interg_1152
1676884,1676940,interg_1153
1677376,1677396,interg_1154
1678543,1678551,interg_1155
1678909,1678941,interg_1156
1679173,1679321,interg_1157
1680630,1681207,interg_1158
1681967,1682156,interg_1159
1686258,1686270,interg_1160
1687889,1687940,interg_1161
1689231,1689302,interg_1162
1689921,1690133,interg_1163
1690347,1690406,interg_1164
1690806,1690849,interg_1165
1691879,1691889,interg_1166
1692712,1692923,interg_1167
1693824,1695280,interg_1168
1696444,1696726,interg_1169
1697860,1698094,interg_1170
1701094,1701294,interg_1171
1702594,1703073,interg_1172
1705790,1705806,interg_1173
1706596,1706629,interg_1174
1707527,1707528,interg_1175
1708540,1708870,interg_1176
1709636,1709643,interg_1177
1710604,1710732,interg_1178
1711003,1711027,interg_1179
1712069,1712301,interg_1180
1714054,1714171,interg_1181
1717613,1717652,interg_1182
1718697,1718725,interg_1183
1719971,1720016,interg_1184
1722061,1722082,interg_1185
1728410,1728952,interg_1186
1729451,1729501,interg_1187
1731257,1731372,interg_1188
1733040,1733115,interg_1189
1733551,1733609,interg_1190
1735412,1735975,interg_1191
1736213,1736518,interg_1192
1739645,1739855,interg_1193
1742193,1742243,interg_1194
1743772,1743777,interg_1195
1744372,1744425,interg_1196
1744837,1745063,interg_1197
1746090,1746093,interg_1198
1746898,1746918,interg_1199
1747147,1747194,interg_1200
1747627,1747693,interg_1201
1751249,1751296,interg_1202
1753334,1753715,interg_1203
1755432,1755444,interg_1204
1757311,1757680,interg_1205
1759433,1759434,interg_1206
1760930,1760996,interg_1207
1761606,1761743,interg_1208
1762938,1762946,interg_1209
1763394,1763427,interg_1210
1764718,1764754,interg_1211
1764974,1764978,interg_1212
1765384,1765399,interg_1213
1769433,1769435,interg_1214
1771602,1771639,interg_1215
1773830,1773927,interg_1216
1774621,1774859,interg_1217
1775145,1775391,interg_1218
1779049,1779313,interg_1219
1779725,1779929,interg_1220
1782065,1782071,interg_1221
1782585,1782757,interg_1222
1783229,1783308,interg_1223
1783893,1783905,interg_1224
1784302,1784496,interg_1225
1786529,1786583,interg_1226
1789164,1789167,interg_1227
1789837,1790283,interg_1228
1792236,1792399,interg_1229
1793741,1793996,interg_1230
1794708,1794755,interg_1231
1798246,1798293,interg_1232
1799053,1799072,interg_1233
1799484,1799582,interg_1234
1803285,1803293,interg_1235
1804032,1804038,interg_1236
1804852,1804852,interg_1237
1806001,1806180,interg_1238
1807264,1807297,interg_1239
1807763,1807902,interg_1240
1810151,1810239,interg_1241
1811059,1811126,interg_1242
1814578,1815252,interg_1243
1816082,1816188,interg_1244
1817608,1817614,interg_1245
1818518,1818574,interg_1246
1823274,1823359,interg_1247
1824401,1824429,interg_1248
1825888,1825997,interg_1249
1826586,1826613,interg_1250
1827946,1828179,interg_1251
1828798,1828864,interg_1252
1830562,1830664,interg_1253
1833380,1833541,interg_1254
1834988,1835012,interg_1255
1836237,1836386,interg_1256
1836831,1837074,interg_1257
1842243,1842450,interg_1258
1842892,1842897,interg_1259
1843693,1843740,interg_1260
1846660,1846715,interg_1261
1846974,1846988,interg_1262
1848459,1848516,interg_1263
1852036,1852272,interg_1264
1852879,1852927,interg_1265
1853123,1853183,interg_1266
1853574,1853605,interg_1267
1854389,1854398,interg_1268
1855455,1855763,interg_1269
1856697,1856773,interg_1270
1857725,1857730,interg_1271
1858538,1858732,interg_1272
1862254,1862346,interg_1273
1865383,1865575,interg_1274
1871355,1871362,interg_1275
1872560,1872638,interg_1276
1874052,1874159,interg_1277
1875222,1875303,interg_1278
1881685,1881703,interg_1279
1888021,1888025,interg_1280
1891080,1891225,interg_1281
1893563,1895724,interg_1282
1896088,1896119,interg_1283
1896468,1896474,interg_1284
1896868,1896875,interg_1285
1898208,1898299,interg_1286
1899233,1899259,interg_1287
1899917,1900240,interg_1288
1900976,1901046,interg_1289
1902297,1902396,interg_1290
1904421,1904428,interg_1291
1906243,1906402,interg_1292
1907321,1907593,interg_1293
1911400,1911400,interg_1294
1912082,1912152,interg_1295
1912921,1912978,interg_1296
1913591,1913601,interg_1297
1914877,1915526,interg_1298
1915911,1915948,interg_1299
1917933,1917939,interg_1300
1919670,1919682,interg_1301
1921447,1921541,interg_1302
1922724,1922744,interg_1303
1923690,1923828,interg_1304
1927138,1927210,interg_1305
1928576,1929130,interg_1306
1931457,1931496,interg_1307
1932655,1932693,interg_1308
1933879,1934481,interg_1309
1934650,1934881,interg_1310
1936343,1936359,interg_1311
1941680,1941852,interg_1312
1943574,1943575,interg_1313
1944757,1944808,interg_1314
1945628,1945640,interg_1315
1946421,1947029,interg_1316
1947644,1947860,interg_1317
1950590,1950631,interg_1318
1951752,1951851,interg_1319
1953238,1953269,interg_1320
1953840,1953863,interg_1321
1955570,1955691,interg_1322
1957246,1957676,interg_1323
1959234,1959242,interg_1324
1959792,1959854,interg_1325
1960488,1960773,interg_1326
1961017,1961290,interg_1327
1961789,1961886,interg_1328
1962130,1962227,interg_1329
1965371,1965656,interg_1330
1965942,1965954,interg_1331
1967638,1967704,interg_1332
1968166,1968172,interg_1333
1968911,1969003,interg_1334
1970705,1970988,interg_1335
1971992,1972137,interg_1336
1973569,1973629,interg_1337
1976228,1976599,interg_1338
1977886,1977968,interg_1339
1979568,1979620,interg_1340
1981004,1981129,interg_1341
1981580,1981613,interg_1342
1984776,1984978,interg_1343
1986671,1989041,interg_1344
1989567,1989832,interg_1345
1992578,1993152,interg_1346
1994662,1994670,interg_1347
1995843,1997417,interg_1348
1998516,1999736,interg_1349
2000007,2000073,interg_1350
2000434,2000613,interg_1351
2002471,2002625,interg_1352
2003871,2003877,interg_1353
2006448,2006635,interg_1354
2006948,2007019,interg_1355
2007767,2007831,interg_1356
2009991,2009994,interg_1357
2010556,2010655,interg_1358
2011961,2012080,interg_1359
2012531,2012685,interg_1360
2014480,2014698,interg_1361
2015263,2015301,interg_1362
2017477,2017739,interg_1363
2023433,2023446,interg_1364
2024629,2024827,interg_1365
2025032,2025300,interg_1366
2026399,2026476,interg_1367
2026777,2026789,interg_1368
2027972,2028424,interg_1369
2029478,2029903,interg_1370
2030204,2030693,interg_1371
2030979,2031065,interg_1372
2031969,2032239,interg_1373
2038533,2039158,interg_1374
2039351,2039452,interg_1375
2041421,2042000,interg_1376
2043273,2043383,interg_1377
2044776,2044922,interg_1378
2046843,2047022,interg_1379
2047350,2047686,interg_1380
2048035,2048071,interg_1381
2048372,2049920,interg_1382
2051151,2051281,interg_1383
2052689,2052932,interg_1384
2053290,2053442,interg_1385
2054148,2054156,interg_1386
2055360,2055680,interg_1387
2056113,2056520,interg_1388
2057424,2057527,interg_1389
2058194,2058255,interg_1390
2058961,2059594,interg_1391
2061059,2061177,interg_1392
2062675,2062808,interg_1393
2064729,2064798,interg_1394
2066443,2066456,interg_1395
2068884,2069079,interg_1396
2070626,2070653,interg_1397
2071020,2071035,interg_1398
2071915,2071951,interg_1399
2072357,2072595,interg_1400
2073825,2073942,interg_1401
2074438,2074840,interg_1402
2075519,2075570,interg_1403
2075829,2075876,interg_1404
2078703,2078928,interg_1405
2079790,2079829,interg_1406
2080697,2080700,interg_1407
2082588,2082602,interg_1408
2084637,2084755,interg_1409
2086982,2087256,interg_1410
2087913,2087970,interg_1411
2089519,2089680,interg_1412
2092086,2092258,interg_1413
2093699,2093730,interg_1414
2095189,2095217,interg_1415
2096169,2096182,interg_1416
2096600,2096876,interg_1417
2097300,2097347,interg_1418
2100330,2100339,interg_1419
2101015,2101021,interg_1420
2101649,2101650,interg_1421
2103043,2103183,interg_1422
2104108,2104145,interg_1423
2104824,2104984,interg_1424
2105771,2105772,interg_1425
2106568,2106573,interg_1426
2107684,2107735,interg_1427
2108714,2109164,interg_1428
2109471,2109543,interg_1429
2110585,2110590,interg_1430
2112967,2113139,interg_1431
2115477,2115763,interg_1432
2117249,2117346,interg_1433
2119447,2119459,interg_1434
2120696,2120794,interg_1435
2121431,2121494,interg_1436
2121885,2121906,interg_1437
2123152,2123173,interg_1438
2123612,2123683,interg_1439
2124371,2124380,interg_1440
2124825,2125339,interg_1441
2125820,2125903,interg_1442
2127968,2128021,interg_1443
2129375,2129376,interg_1444
2130514,2130540,interg_1445
2131858,2131906,interg_1446
2132330,2132369,interg_1447
2133204,2133230,interg_1448
2133693,2133730,interg_1449
2134262,2134272,interg_1450
2134873,2134889,interg_1451
2135868,2136257,interg_1452
2137401,2139075,interg_1453
2139688,2139740,interg_1454
2140149,2140164,interg_1455
2140477,2140485,interg_1456
2140705,2140738,interg_1457
2141870,2142520,interg_1458
2144447,2144450,interg_1459
2144883,2144939,interg_1460
2147634,2147661,interg_1461
2148955,2149005,interg_1462
2150275,2150363,interg_1463
2150769,2150953,interg_1464
2151386,2151432,interg_1465
2152396,2152424,interg_1466
2152896,2153234,interg_1467
2153883,2153888,interg_1468
2156112,2156148,interg_1469
2156593,2156705,interg_1470
2157300,2157381,interg_1471
2157988,2158086,interg_1472
2159092,2159190,interg_1473
2160329,2160462,interg_1474
2162763,2162931,interg_1475
2167312,2167648,interg_1476
2170613,2171060,interg_1477
2171526,2171622,interg_1478
2172487,2172523,interg_1479
2173796,2174066,interg_1480
2176514,2176549,interg_1481
2176931,2177086,interg_1482
2178950,2178956,interg_1483
2179437,2179672,interg_1484
2180447,2180449,interg_1485
2181218,2181261,interg_1486
2181907,2181917,interg_1487
2182443,2182459,interg_1488
2183240,2183371,interg_1489
2184958,2184958,interg_1490
2186189,2186202,interg_1491
2187160,2187383,interg_1492
2188494,2188495,interg_1493
2191016,2191026,interg_1494
2194435,2194643,interg_1495
2195935,2195988,interg_1496
2197354,2197507,interg_1497
2197961,2198023,interg_1498
2198426,2198713,interg_1499
2199065,2199997,interg_1500
2200487,2200725,interg_1501
2202097,2202137,interg_1502
2203633,2203680,interg_1503
2204707,2204865,interg_1504
2205274,2205276,interg_1505
2205550,2205581,interg_1506
2206803,2207699,interg_1507
2208498,2208506,interg_1508
2209323,2209326,interg_1509
2216571,2216591,interg_1510
2217647,2217658,interg_1511
2218037,2218051,interg_1512
2218718,2218843,interg_1513
2219252,2219753,interg_1514
2220801,2220907,interg_1515
2223165,2223342,interg_1516
2224030,2224219,interg_1517
2225189,2225412,interg_1518
2225833,2225840,interg_1519
2226102,2226243,interg_1520
2228562,2228675,interg_1521
2228907,2228990,interg_1522
2229903,2230010,interg_1523
2230611,2231025,interg_1524
2231455,2231679,interg_1525
2232220,2232738,interg_1526
2233638,2234304,interg_1527
2234892,2234990,interg_1528
2237576,2237627,interg_1529
2237985,2238140,interg_1530
2238909,2239003,interg_1531
2239958,2240158,interg_1532
2242877,2242944,interg_1533
2243722,2243815,interg_1534
2245139,2245208,interg_1535
2246823,2246831,interg_1536
2247585,2247659,interg_1537
2248443,2248562,interg_1538
2249421,2249477,interg_1539
2250975,2250995,interg_1540
2251884,2252001,interg_1541
2255986,2256083,interg_1542
2256429,2256616,interg_1543
2257943,2258029,interg_1544
2258672,2258853,interg_1545
2259286,2259325,interg_1546
2259821,2261815,interg_1547
2263073,2263425,interg_1548
2265039,2265279,interg_1549
2266406,2266804,interg_1550
2267111,2267118,interg_1551
2267725,2267748,interg_1552
2268109,2268692,interg_1553
2270241,2270749,interg_1554
2271749,2271862,interg_1555
2272748,2272786,interg_1556
2274509,2274568,interg_1557
2276425,2276440,interg_1558
2278487,2278497,interg_1559
2278933,2279128,interg_1560
2280125,2280239,interg_1561
2281083,2281293,interg_1562
2282741,2282746,interg_1563
2283722,2283722,interg_1564
2284797,2284798,interg_1565
2287847,2287883,interg_1566
2289242,2289281,interg_1567
2289600,2289684,interg_1568
2291221,2291268,interg_1569
2291926,2291961,interg_1570
2294527,2294530,interg_1571
2306987,2307292,interg_1572
2307518,2307820,interg_1573
2310756,2310912,interg_1574
2312518,2312521,interg_1575
2313050,2313124,interg_1576
2313839,2314086,interg_1577
2314660,2314660,interg_1578
2315062,2315173,interg_1579
2317086,2317168,interg_1580
2320754,2320830,interg_1581
2322543,2322551,interg_1582
2325871,2325885,interg_1583
2326810,2326943,interg_1584
2330147,2330213,interg_1585
2330964,2330992,interg_1586
2331407,2331415,interg_1587
2332880,2333036,interg_1588
2333289,2333322,interg_1589
2334595,2335058,interg_1590
2337870,2338064,interg_1591
2338506,2338708,interg_1592
2342945,2343026,interg_1593
2343917,2344410,interg_1594
2346181,2346196,interg_1595
2347325,2347372,interg_1596
2348555,2348557,interg_1597
2349293,2349333,interg_1598
2352055,2352102,interg_1599
2353030,2353045,interg_1600
2353298,2353364,interg_1601
2355311,2355318,interg_1602
2356678,2358388,interg_1603
2360042,2360239,interg_1604
2363282,2363390,interg_1605
2364521,2364526,interg_1606
2364782,2364796,interg_1607
2365055,2367358,interg_1608
2367656,2367710,interg_1609
2368443,2368982,interg_1610
2370793,2370904,interg_1611
2372570,2372629,interg_1612
2373824,2373833,interg_1613
2374458,2374460,interg_1614
2376291,2376570,interg_1615
2377141,2377147,interg_1616
2377442,2377469,interg_1617
2378313,2378385,interg_1618
2379223,2379244,interg_1619
2379728,2379805,interg_1620
2380661,2380662,interg_1621
2380945,2381070,interg_1622
2386068,2386292,interg_1623
2387172,2387201,interg_1624
2387973,2388615,interg_1625
2390289,2390307,interg_1626
2391190,2391214,interg_1627
2392460,2392516,interg_1628
2393321,2393410,interg_1629
2393642,2393850,interg_1630
2394640,2394649,interg_1631
2395238,2395300,interg_1632
2396839,2396901,interg_1633
2397316,2397329,interg_1634
2398407,2398719,interg_1635
2399794,2399797,interg_1636
2400329,2400375,interg_1637
2401723,2402192,interg_1638
2402723,2402976,interg_1639
2404036,2404164,interg_1640
2404522,2404615,interg_1641
2405399,2405665,interg_1642
2405957,2406117,interg_1643
2407617,2407621,interg_1644
2408375,2408384,interg_1645
2409525,2409696,interg_1646
2414923,2414933,interg_1647
2416395,2416395,interg_1648
2420609,2420630,interg_1649
2421666,2422270,interg_1650
2423138,2423239,interg_1651
2424839,2425047,interg_1652
2429426,2429426,interg_1653
2429859,2431564,interg_1654
2431970,2432234,interg_1655
2432856,2432950,interg_1656
2434537,2434846,interg_1657
2435906,2435908,interg_1658
2437887,2437940,interg_1659
2439141,2439281,interg_1660
2439948,2440331,interg_1661
2441721,2441810,interg_1662
2442318,2442326,interg_1663
2443215,2443301,interg_1664
2445330,2445414,interg_1665
2446947,2447065,interg_1666
2447501,2447604,interg_1667
2447995,2448159,interg_1668
2449963,2449992,interg_1669
2451151,2451246,interg_1670
2452021,2452114,interg_1671
2453273,2453818,interg_1672
2456744,2456900,interg_1673
2457513,2457552,interg_1674
2461328,2461503,interg_1675
2463048,2463232,interg_1676
2463653,2463659,interg_1677
2464752,2464996,interg_1678
2466956,2467052,interg_1679
2468028,2468230,interg_1680
2468924,2468930,interg_1681
2469288,2469386,interg_1682
2470464,2470621,interg_1683
2471333,2471410,interg_1684
2473243,2473399,interg_1685
2475971,2476041,interg_1686
2477182,2477189,interg_1687
2478327,2478337,interg_1688
2479886,2479922,interg_1689
2481702,2481964,interg_1690
2484532,2484583,interg_1691
2486209,2486234,interg_1692
2486988,2486993,interg_1693
2487417,2487614,interg_1694
2489052,2489368,interg_1695
2492354,2492401,interg_1696
2493743,2493836,interg_1697
2495400,2495460,interg_1698
2497024,2497224,interg_1699
2497447,2497741,interg_1700
2498588,2498831,interg_1701
2500374,2500930,interg_1702
2501633,2501643,interg_1703
2505700,2505735,interg_1704
2506162,2506206,interg_1705
2509376,2509488,interg_1706
2510257,2510350,interg_1707
2510588,2510714,interg_1708
2511653,2511689,interg_1709
2512281,2512538,interg_1710
2515245,2515303,interg_1711
2516549,2516786,interg_1712
2517696,2517770,interg_1713
2519366,2519395,interg_1714
2520713,2520742,interg_1715
2522165,2522359,interg_1716
2523176,2523240,interg_1717
2525355,2525564,interg_1718
2527919,2527983,interg_1719
2528488,2528519,interg_1720
2528976,2528979,interg_1721
2529175,2529340,interg_1722
2529875,2530003,interg_1723
2530823,2530835,interg_1724
2531898,2532244,interg_1725
2533966,2535640,interg_1726
2538351,2538699,interg_1727
2539930,2540103,interg_1728
2541391,2541643,interg_1729
2544277,2544288,interg_1730
2544622,2544697,interg_1731
2545226,2545331,interg_1732
2545632,2545736,interg_1733
2546432,2546487,interg_1734
2546806,2546838,interg_1735
2548940,2549123,interg_1736
2550030,2553172,interg_1737
2554832,2554937,interg_1738
2555877,2555940,interg_1739
2556136,2556144,interg_1740
2557441,2557472,interg_1741
2558811,2558876,interg_1742
2559570,2559702,interg_1743
2562458,2562598,interg_1744
2563115,2563173,interg_1745
2564254,2564291,interg_1746
2565033,2565326,interg_1747
2566551,2566771,interg_1748
2567411,2567503,interg_1749
2568407,2568437,interg_1750
2568891,2569081,interg_1751
2570054,2570058,interg_1752
2572003,2572075,interg_1753
2573009,2573014,interg_1754
2573708,2573812,interg_1755
2574056,2574095,interg_1756
2575226,2575808,interg_1757
2577099,2577850,interg_1758
2578697,2579227,interg_1759
2579420,2579503,interg_1760
2579936,2580027,interg_1761
2580211,2580418,interg_1762
2581136,2581144,interg_1763
2581478,2583044,interg_1764
2583333,2583434,interg_1765
2583780,2583883,interg_1766
2584409,2584485,interg_1767
2584756,2585051,interg_1768
2585907,2585916,interg_1769
2588805,2588837,interg_1770
2591841,2591847,interg_1771
2594154,2595360,interg_1772
2596270,2596333,interg_1773
2596781,2597008,interg_1774
2599948,2599987,interg_1775
2600480,2600730,interg_1776
2601880,2601913,interg_1777
2603462,2603694,interg_1778
2604223,2604296,interg_1779
2604684,2604739,interg_1780
2605079,2605107,interg_1781
2608322,2608795,interg_1782
2609729,2609731,interg_1783
2610422,2610836,interg_1784
2611806,2611868,interg_1785
2612988,2613106,interg_1786
2614064,2614692,interg_1787
2617582,2617666,interg_1788
2618909,2619596,interg_1789
2620017,2620271,interg_1790
2620530,2620532,interg_1791
2622453,2622456,interg_1792
2623753,2623820,interg_1793
2625804,2625887,interg_1794
2626173,2626222,interg_1795
2626520,2626653,interg_1796
2626981,2627171,interg_1797
2628699,2628780,interg_1798
2630320,2630536,interg_1799
2632076,2632922,interg_1800
2634099,2634527,interg_1801
2635593,2639672,interg_1802
2641065,2641245,interg_1803
2642043,2642149,interg_1804
2644259,2644319,interg_1805
2646674,2646746,interg_1806
2648913,2648915,interg_1807
2651559,2651752,interg_1808
2651939,2652036,interg_1809
2652826,2652838,interg_1810
2653988,2654061,interg_1811
2655094,2655264,interg_1812
2655583,2655608,interg_1813
2656116,2656214,interg_1814
2667116,2667254,interg_1815
2675838,2675935,interg_1816
2677634,2677728,interg_1817
2678650,2678652,interg_1818
2680006,2680457,interg_1819
2680668,2680764,interg_1820
2683143,2683247,interg_1821
2684267,2684678,interg_1822
2687974,2688009,interg_1823
2689942,2690071,interg_1824
2692076,2692223,interg_1825
2692440,2692550,interg_1826
2692716,2692798,interg_1827
2693885,2693908,interg_1828
2694965,2694980,interg_1829
2697715,2697727,interg_1830
2698246,2698528,interg_1831
2700458,2700534,interg_1832
2703249,2703268,interg_1833
2703839,2704008,interg_1834
2704438,2704696,interg_1835
2705519,2705761,interg_1836
2709966,2710074,interg_1837
2710336,2710350,interg_1838
2711302,2711331,interg_1839
2712877,2712890,interg_1840
2713785,2714123,interg_1841
2715333,2715471,interg_1842
2716315,2716394,interg_1843
2718809,2719082,interg_1844
2719356,2719596,interg_1845
2720644,2720775,interg_1846
2721778,2721865,interg_1847
2724184,2724229,interg_1848
2725478,2726192,interg_1849
2726781,2726805,interg_1850
2727921,2727966,interg_1851
2728267,2728436,interg_1852
2732750,2733229,interg_1853
2734145,2734375,interg_1854
2736988,2737116,interg_1855
2739687,2739771,interg_1856
2740033,2740046,interg_1857
2740362,2740708,interg_1858
2744985,2745313,interg_1859
2745725,2745766,interg_1860
2750226,2750312,interg_1861
2751573,2751661,interg_1862
2752181,2752261,interg_1863
2752661,2752847,interg_1864
2752995,2753017,interg_1865
2753624,2753624,interg_1866
2756705,2756935,interg_1867
2758193,2758207,interg_1868
2759489,2759778,interg_1869
2760688,2760853,interg_1870
2762381,2762530,interg_1871
2763775,2763890,interg_1872
2765292,2765654,interg_1873
2766840,2766858,interg_1874
2767666,2767670,interg_1875
2768160,2768260,interg_1876
2768885,2768985,interg_1877
2771572,2771643,interg_1878
2772332,2772366,interg_1879
2773036,2773177,interg_1880
2775205,2775271,interg_1881
2775566,2775567,interg_1882
2776285,2776315,interg_1883
2776970,2776974,interg_1884
2782263,2782365,interg_1885
2784043,2784122,interg_1886
2784609,2786574,interg_1887
2786899,2786913,interg_1888
2792495,2792722,interg_1889
2793989,2794349,interg_1890
2795121,2795300,interg_1891
2797386,2797466,interg_1892
2801146,2801253,interg_1893
2806237,2806322,interg_1894
2806530,2806664,interg_1895
2808031,2808082,interg_1896
2808305,2808309,interg_1897
2808736,2808757,interg_1898
2810983,2810992,interg_1899
2812097,2812354,interg_1900
2814912,2814915,interg_1901
2816881,2816884,interg_1902
2819871,2819952,interg_1903
2821597,2821711,interg_1904
2822360,2822437,interg_1905
2824594,2824677,interg_1906
2825485,2825487,interg_1907
2827090,2827156,interg_1908
2827805,2828555,interg_1909
2829804,2829953,interg_1910
2830140,2830160,interg_1911
2830584,2830876,interg_1912
2831339,2831343,interg_1913
2832592,2832709,interg_1914
2833762,2834108,interg_1915
2835336,2835784,interg_1916
2837264,2837387,interg_1917
2837616,2837683,interg_1918
2839931,2840122,interg_1919
2849333,2849851,interg_1920
2850575,2851090,interg_1921
2851717,2851750,interg_1922
2852672,2852874,interg_1923
2854908,2854937,interg_1924
2857782,2857852,interg_1925
2858725,2858726,interg_1926
2859291,2859299,interg_1927
2860419,2860451,interg_1928
2861145,2861147,interg_1929
2863204,2863206,interg_1930
2864413,2864426,interg_1931
2864835,2865129,interg_1932
2866342,2866467,interg_1933
2868062,2868153,interg_1934
2868568,2868605,interg_1935
2869238,2869252,interg_1936
2869628,2869726,interg_1937
2870365,2870774,interg_1938
2871195,2871205,interg_1939
2876486,2876575,interg_1940
2876966,2877071,interg_1941
2877747,2877830,interg_1942
2878542,2878570,interg_1943
2879930,2880074,interg_1944
2881053,2882289,interg_1945
2883340,2883341,interg_1946
2884335,2884610,interg_1947
2886363,2886372,interg_1948
2894409,2894511,interg_1949
2895961,2896012,interg_1950
2897804,2898042,interg_1951
2898784,2898805,interg_1952
2899310,2899338,interg_1953
2900221,2900225,interg_1954
2900691,2900917,interg_1955
2902508,2902508,interg_1956
2903532,2903638,interg_1957
2904542,2904820,interg_1958
2906764,2906813,interg_1959
2907741,2907825,interg_1960
2910199,2910228,interg_1961
2910901,2911003,interg_1962
2912678,2912682,interg_1963
2914012,2914014,interg_1964
2915737,2915845,interg_1965
2916194,2916359,interg_1966
2917710,2917870,interg_1967
2921378,2921550,interg_1968
2923183,2923198,interg_1969
2925384,2925491,interg_1970
2926139,2926354,interg_1971
2926976,2926985,interg_1972
2927909,2927989,interg_1973
2929960,2930069,interg_1974
2930785,2930804,interg_1975
2931561,2931692,interg_1976
2932290,2932296,interg_1977
2933143,2933170,interg_1978
2934071,2934197,interg_1979
2934873,2935045,interg_1980
2936789,2936809,interg_1981
2939002,2939011,interg_1982
2943268,2943375,interg_1983
2944986,2945329,interg_1984
2945831,2945846,interg_1985
2946288,2946433,interg_1986
2947450,2947461,interg_1987
2948559,2948635,interg_1988
2949458,2949592,interg_1989
2950487,2950488,interg_1990
2951308,2951321,interg_1991
2952504,2952561,interg_1992
2952994,2953506,interg_1993
2954749,2955057,interg_1994
2955421,2955766,interg_1995
2956892,2956892,interg_1996
2957433,2957571,interg_1997
2958871,2958908,interg_1998
2959191,2959334,interg_1999
2959821,2960104,interg_2000
2962442,2962469,interg_2001
2963391,2963585,interg_2002
2964243,2964404,interg_2003
2964852,2965025,interg_2004
2965359,2965477,interg_2005
2965838,2965938,interg_2006
2966398,2966532,interg_2007
2968407,2968532,interg_2008
2968851,2970122,interg_2009
2971550,2971562,interg_2010
2972028,2973794,interg_2011
2975235,2975241,interg_2012
2975776,2975927,interg_2013
2976555,2976585,interg_2014
2976910,2976988,interg_2015
2978659,2978659,interg_2016
2979310,2979325,interg_2017
2979689,2979690,interg_2018
2980819,2980962,interg_2019
2981755,2981852,interg_2020
2982087,2982096,interg_2021
2982352,2982698,interg_2022
2982981,2983895,interg_2023
2984655,2984732,interg_2024
2985255,2985282,interg_2025
2987616,2987681,interg_2026
2989269,2989290,interg_2027
2990593,2990705,interg_2028
2991117,2991183,interg_2029
2992629,2992633,interg_2030
2995063,2995114,interg_2031
2995946,2996104,interg_2032
2996738,2996738,interg_2033
2999969,3000111,interg_2034
3000610,3000613,interg_2035
3001904,3001982,interg_2036
3003270,3003279,interg_2037
3005651,3005844,interg_2038
3007063,3007235,interg_2039
3009210,3009343,interg_2040
3010687,3010696,interg_2041
3011369,3011398,interg_2042
3011768,3011915,interg_2043
3012624,3012828,interg_2044
3013609,3013682,interg_2045
3014148,3014172,interg_2046
3014659,3014662,interg_2047
3014966,3015202,interg_2048
3015854,3015862,interg_2049
3016736,3016857,interg_2050
3017656,3017834,interg_2051
3019422,3019457,interg_2052
3020458,3020572,interg_2053
3021797,3021838,interg_2054
3022286,3022460,interg_2055
3023433,3023564,interg_2056
3024258,3024269,interg_2057
3025329,3025440,interg_2058
3026848,3027064,interg_2059
3028040,3028097,interg_2060
3029124,3029171,interg_2061
3029859,3029866,interg_2062
3030362,3030412,interg_2063
3030878,3031039,interg_2064
3031538,3031787,interg_2065
3032499,3032519,interg_2066
3034620,3034634,interg_2067
3034884,3034908,interg_2068
3036103,3036130,interg_2069
3037292,3037426,interg_2070
3038915,3038930,interg_2071
3039801,3039824,interg_2072
3041462,3041569,interg_2073
3042476,3042541,interg_2074
3043019,3043025,interg_2075
3046525,3046820,interg_2076
3048553,3048561,interg_2077
3051425,3051805,interg_2078
3052013,3052022,interg_2079
3053190,3053232,interg_2080
3053683,3053913,interg_2081
3055492,3055514,interg_2082
3056349,3056419,interg_2083
3057233,3057250,interg_2084
3058064,3058192,interg_2085
3058532,3058601,interg_2086
3059232,3059261,interg_2087
3059787,3059854,interg_2088
3063635,3063637,interg_2089
3066192,3066221,interg_2090
3067125,3067192,interg_2091
3067946,3068460,interg_2092
3070084,3070169,interg_2093
3070850,3070874,interg_2094
3071537,3071545,interg_2095
3073057,3073129,interg_2096
3073610,3073679,interg_2097
3074472,3074635,interg_2098
3075374,3075587,interg_2099
3076721,3076893,interg_2100
3078079,3078157,interg_2101
3078986,3079308,interg_2102
3080458,3080580,interg_2103
3081034,3081118,interg_2104
3081593,3081603,interg_2105
3082342,3082351,interg_2106
3082757,3082908,interg_2107
3083371,3083373,interg_2108
3084304,3084484,interg_2109
3085556,3085712,interg_2110
3086184,3086214,interg_2111
3086755,3086819,interg_2112
3087936,3087949,interg_2113
3088985,3089044,interg_2114
3092598,3092950,interg_2115
3093467,3093478,interg_2116
3093749,3093904,interg_2117
3094901,3095110,interg_2118
3096875,3096958,interg_2119
3097646,3097705,interg_2120
3098939,3098963,interg_2121
3100170,3100201,interg_2122
3102163,3102363,interg_2123
3104912,3105055,interg_2124
3107308,3107310,interg_2125
3107638,3107767,interg_2126
3108398,3108415,interg_2127
3110066,3110166,interg_2128
3110738,3110779,interg_2129
3112290,3112464,interg_2130
3113460,3113657,interg_2131
3114813,3115045,interg_2132
3115304,3115407,interg_2133
3115720,3116138,interg_2134
3116748,3116817,interg_2135
3119037,3123624,interg_2136
3124984,3124995,interg_2137
3126145,3126239,interg_2138
3128964,3128972,interg_2139
3132715,3132891,interg_2140
3133540,3133708,interg_2141
3134594,3134595,interg_2142
3135484,3135787,interg_2143
3136600,3136619,interg_2144
3137225,3137270,interg_2145
3138021,3138098,interg_2146
3140485,3140486,interg_2147
3142223,3142308,interg_2148
3143629,3143634,interg_2149
3147874,3147958,interg_2150
3148259,3148384,interg_2151
3149977,3150170,interg_2152
3152951,3153038,interg_2153
3154632,3154653,interg_2154
3155872,3156147,interg_2155
3158145,3158164,interg_2156
3160522,3160579,interg_2157
3162062,3162267,interg_2158
3164116,3164151,interg_2159
3165193,3165204,interg_2160
3166585,3166683,interg_2161
3167803,3168582,interg_2162
3173001,3173159,interg_2163
3174018,3174058,interg_2164
3174644,3174746,interg_2165
3175373,3175453,interg_2166
3177266,3177536,interg_2167
3177819,3177821,interg_2168
3178086,3178457,interg_2169
3179313,3179367,interg_2170
3180532,3180547,interg_2171
3181763,3181769,interg_2172
3183012,3183137,interg_2173
3183826,3183904,interg_2174
3184568,3184846,interg_2175
3186935,3187029,interg_2176
3187612,3187662,interg_2177
3187978,3188007,interg_2178
3188872,3188875,interg_2179
3189398,3190700,interg_2180
3191622,3191643,interg_2181
3192202,3192372,interg_2182
3193159,3193392,interg_2183
3194152,3194165,interg_2184
3196851,3196863,interg_2185
3198286,3198291,interg_2186
3199108,3199118,interg_2187
3199983,3200265,interg_2188
3202021,3202419,interg_2189
3204291,3204380,interg_2190
3205233,3205264,interg_2191
3208329,3208575,interg_2192
3211746,3211802,interg_2193
3212109,3212161,interg_2194
3212957,3212969,interg_2195
3213855,3213911,interg_2196
3214254,3214627,interg_2197
3215573,3215664,interg_2198
3216358,3216360,interg_2199
3216892,3216904,interg_2200
3217148,3217154,interg_2201
3217644,3217826,interg_2202
3218271,3218338,interg_2203
3219215,3219273,interg_2204
3219862,3219862,interg_2205
3221699,3221766,interg_2206
3223525,3223567,interg_2207
3224681,3224707,interg_2208
3226286,3226362,interg_2209
3228244,3228253,interg_2210
3230681,3230737,interg_2211
3232507,3232870,interg_2212
3234140,3234188,interg_2213
3237807,3237817,interg_2214
3238500,3238600,interg_2215
3239471,3239828,interg_2216
3241172,3241221,interg_2217
3241960,3242197,interg_2218
3243282,3243696,interg_2219
3267732,3267736,interg_2220
3272204,3272213,interg_2221
3274903,3274948,interg_2222
3276218,3276379,interg_2223
3282716,3283334,interg_2224
3287833,3288463,interg_2225
3290507,3290623,interg_2226
3291326,3291502,interg_2227
3299955,3299970,interg_2228
3300571,3300595,interg_2229
3302456,3303102,interg_2230
3304249,3304440,interg_2231
3305254,3305278,interg_2232
3306536,3306665,interg_2233
3307392,3307579,interg_2234
3308546,3308667,interg_2235
3309400,3309469,interg_2236
3310298,3310713,interg_2237
3312001,3312100,interg_2238
3312839,3312952,interg_2239
3313202,3313282,interg_2240
3313673,3313772,interg_2241
3315123,3315235,interg_2242
3316457,3316528,interg_2243
3317462,3318329,interg_2244
3318816,3318900,interg_2245
3319468,3319662,interg_2246
3323047,3323070,interg_2247
3323704,3323708,interg_2248
3324477,3324572,interg_2249
3325704,3325933,interg_2250
3326950,3327022,interg_2251
3329947,3329948,interg_2252
3331613,3331853,interg_2253
3332049,3332070,interg_2254
3332755,3332786,interg_2255
3335749,3335959,interg_2256
3336506,3336795,interg_2257
3337918,3337994,interg_2258
3339000,3339117,interg_2259
3339763,3339853,interg_2260
3342083,3342164,interg_2261
3343119,3343175,interg_2262
3343821,3344032,interg_2263
3344630,3344653,interg_2264
3346076,3346146,interg_2265
3346849,3346858,interg_2266
3347720,3347981,interg_2267
3348474,3348804,interg_2268
3350994,3351268,interg_2269
3353469,3353482,interg_2270
3355070,3355098,interg_2271
3356542,3356814,interg_2272
3357277,3357601,interg_2273
3358568,3358611,interg_2274
3359272,3359584,interg_2275
3360587,3360623,interg_2276
3362987,3363347,interg_2277
3363687,3363692,interg_2278
3364533,3364708,interg_2279
3365831,3365835,interg_2280
3366451,3366643,interg_2281
3368794,3368822,interg_2282
3369855,3369949,interg_2283
3371731,3371814,interg_2284
3372472,3372544,interg_2285
3374621,3374650,interg_2286
3375665,3375757,interg_2287
3376388,3376489,interg_2288
3376853,3376938,interg_2289
3378244,3378710,interg_2290
3379002,3379035,interg_2291
3379330,3380678,interg_2292
3380994,3381374,interg_2293
3382623,3382784,interg_2294
3385067,3385162,interg_2295
3386920,3387074,interg_2296
3388032,3388069,interg_2297
3388871,3389100,interg_2298
3391503,3391533,interg_2299
3392779,3392811,interg_2300
3393202,3393379,interg_2301
3393929,3394018,interg_2302
3394922,3395378,interg_2303
3397142,3397213,interg_2304
3398291,3398424,interg_2305
3399409,3399418,interg_2306
3400184,3400191,interg_2307
3401919,3401932,interg_2308
3403163,3403199,interg_2309
3404922,3405135,interg_2310
3406216,3406284,interg_2311
3407689,3408021,interg_2312
3408307,3408403,interg_2313
3409379,3409508,interg_2314
3411084,3411216,interg_2315
3411958,3412084,interg_2316
3414167,3414231,interg_2317
3414685,3414718,interg_2318
3414959,3415434,interg_2319
3415990,3416080,interg_2320
3416696,3416704,interg_2321
3417746,3417798,interg_2322
3418663,3418725,interg_2323
3419377,3419491,interg_2324
3420971,3421740,interg_2325
3423214,3423261,interg_2326
3425428,3425583,interg_2327
3427108,3427242,interg_2328
3429520,3429824,interg_2329
3430251,3430386,interg_2330
3431316,3431427,interg_2331
3431839,3431978,interg_2332
3433623,3433691,interg_2333
3435574,3435797,interg_2334
3436323,3436328,interg_2335
3436686,3436778,interg_2336
3438974,3439071,interg_2337
3441755,3441769,interg_2338
3442598,3442655,interg_2339
3445989,3446039,interg_2340
3447279,3447403,interg_2341
3448427,3448503,interg_2342
3449992,3449996,interg_2343
3451751,3451780,interg_2344
3452888,3452924,interg_2345
3457273,3458210,interg_2346
3459099,3459115,interg_2347
3460808,3460813,interg_2348
3461735,3461759,interg_2349
3463892,3463972,interg_2350
3464450,3464546,interg_2351
3465687,3465777,interg_2352
3467092,3467209,interg_2353
3467927,3468412,interg_2354
3469265,3469300,interg_2355
3469784,3469785,interg_2356
3471370,3471412,interg_2357
3471851,3471851,interg_2358
3473905,3474006,interg_2359
3476962,3477059,interg_2360
3477501,3477648,interg_2361
3478729,3478778,interg_2362
3479684,3479699,interg_2363
3479952,3480073,interg_2364
3480743,3480758,interg_2365
3481290,3481450,interg_2366
3482699,3482775,interg_2367
3483946,3483973,interg_2368
3484808,3484808,interg_2369
3485112,3485131,interg_2370
3486175,3486508,interg_2371
3487712,3488088,interg_2372
3488560,3488568,interg_2373
3489064,3489505,interg_2374
3490376,3490475,interg_2375
3491652,3491807,interg_2376
3492123,3492146,interg_2377
3493182,3494974,interg_2378
3496367,3496550,interg_2379
3499916,3499942,interg_2380
3500750,3501333,interg_2381
3501733,3501793,interg_2382
3502937,3502944,interg_2383
3503278,3503392,interg_2384
3504176,3504194,interg_2385
3505284,3505362,interg_2386
3506770,3506789,interg_2387
3507996,3508094,interg_2388
3509067,3509117,interg_2389
3509547,3509653,interg_2390
3510056,3510087,interg_2391
3511318,3511681,interg_2392
3512069,3512076,interg_2393
3519167,3519281,interg_2394
3522224,3522233,interg_2395
3527386,3527390,interg_2396
3529164,3529337,interg_2397
3529980,3529989,interg_2398
3531139,3531207,interg_2399
3532914,3532942,interg_2400
3533906,3533912,interg_2401
3535352,3535430,interg_2402
3536058,3536101,interg_2403
3538363,3538504,interg_2404
3540746,3540881,interg_2405
3541365,3541442,interg_2406
3542046,3542137,interg_2407
3542846,3542859,interg_2408
3545301,3545446,interg_2409
3546308,3546437,interg_2410
3546798,3547036,interg_2411
3547331,3547617,interg_2412
3548908,3549253,interg_2413
3549689,3549690,interg_2414
3550144,3550373,interg_2415
3551045,3554297,interg_2416
3555263,3555421,interg_2417
3556688,3556854,interg_2418
3557065,3557310,interg_2419
3558346,3559562,interg_2420
3560025,3560193,interg_2421
3563173,3563263,interg_2422
3564287,3564363,interg_2423
3565783,3565787,interg_2424
3566688,3566695,interg_2425
3566897,3567023,interg_2426
3568368,3568400,interg_2427
3568680,3569108,interg_2428
3571212,3571334,interg_2429
3571590,3571601,interg_2430
3572544,3572601,interg_2431
3573670,3573730,interg_2432
3580201,3580285,interg_2433
3580496,3580637,interg_2434
3581313,3581314,interg_2435
3581621,3581626,interg_2436
3582506,3582531,interg_2437
3583711,3583800,interg_2438
3584659,3585003,interg_2439
3585950,3586273,interg_2440
3586835,3586843,interg_2441
3587540,3587797,interg_2442
3589382,3589393,interg_2443
3590618,3590691,interg_2444
3591493,3591645,interg_2445
3593373,3593803,interg_2446
3594236,3594467,interg_2447
3595434,3595712,interg_2448
3595968,3596028,interg_2449
3597535,3597550,interg_2450
3597767,3598050,interg_2451
3599552,3599850,interg_2452
3600700,3601015,interg_2453
3602441,3602563,interg_2454
3603323,3603376,interg_2455
3605719,3605750,interg_2456
3607035,3607111,interg_2457
3608255,3608363,interg_2458
3609758,3610373,interg_2459
3611190,3611299,interg_2460
3611942,3611958,interg_2461
3613117,3613120,interg_2462
3613604,3613663,interg_2463
3614399,3614456,interg_2464
3617604,3617681,interg_2465
3620532,3620609,interg_2466
3621255,3621569,interg_2467
3622212,3622248,interg_2468
3623092,3623158,interg_2469
3626614,3626662,interg_2470
3627350,3627418,interg_2471
3628064,3628159,interg_2472
3629648,3629751,interg_2473
3630567,3630570,interg_2474
3631989,3632096,interg_2475
3633585,3633674,interg_2476
3636268,3636274,interg_2477
3638710,3638810,interg_2478
3639303,3639424,interg_2479
3639845,3639871,interg_2480
3640142,3640542,interg_2481
3642882,3643176,interg_2482
3644839,3644897,interg_2483
3645978,3645978,interg_2484
3646885,3646894,interg_2485
3647810,3647884,interg_2486
3649382,3649419,interg_2487
3650110,3650233,interg_2488
3650516,3650525,interg_2489
3653348,3653447,interg_2490
3654633,3654636,interg_2491
3658090,3658113,interg_2492
3661170,3661211,interg_2493
3662013,3662061,interg_2494
3664888,3664927,interg_2495
3666250,3666356,interg_2496
3668160,3668168,interg_2497
3669389,3669585,interg_2498
3670000,3670033,interg_2499
3670412,3670444,interg_2500
3671795,3671844,interg_2501
3672298,3672327,interg_2502
3673576,3673601,interg_2503
3675087,3675185,interg_2504
3675996,3676065,interg_2505
3676732,3676774,interg_2506
3681317,3681319,interg_2507
3682088,3682109,interg_2508
3683025,3683050,interg_2509
3685964,3685982,interg_2510
3686901,3686911,interg_2511
3687578,3687684,interg_2512
3689443,3689456,interg_2513
3690939,3691140,interg_2514
3691621,3691638,interg_2515
3693990,3694053,interg_2516
3694861,3694863,interg_2517
3696469,3696469,interg_2518
3697094,3697197,interg_2519
3698098,3698120,interg_2520
3699384,3699403,interg_2521
3700331,3700355,interg_2522
3700527,3700704,interg_2523
3701017,3701086,interg_2524
3703866,3704101,interg_2525
3704872,3704999,interg_2526
3707564,3707641,interg_2527
3708071,3708073,interg_2528
3708317,3708437,interg_2529
3710249,3711748,interg_2530
3714333,3714391,interg_2531
3715709,3715776,interg_2532
3716995,3717089,interg_2533
3719747,3719936,interg_2534
3720783,3721256,interg_2535
3721698,3721730,interg_2536
3722601,3722620,interg_2537
3723632,3724614,interg_2538
3725845,3726126,interg_2539
3727477,3727487,interg_2540
3729356,3729363,interg_2541
3736936,3736983,interg_2542
3738001,3738157,interg_2543
3742775,3743197,interg_2544
3743456,3743710,interg_2545
3753185,3753764,interg_2546
3754257,3754292,interg_2547
3755238,3755951,interg_2548
3767103,3767345,interg_2549
3768141,3768221,interg_2550
3768594,3768735,interg_2551
3768997,3769110,interg_2552
3769501,3769513,interg_2553
3770650,3770772,interg_2554
3771303,3771343,interg_2555
3772535,3772650,interg_2556
3773568,3773573,interg_2557
3777502,3777736,interg_2558
3778202,3778567,interg_2559
3781413,3781500,interg_2560
3784741,3784931,interg_2561
3786273,3786313,interg_2562
3787490,3787725,interg_2563
3788368,3788620,interg_2564
3790049,3790155,interg_2565
3790810,3790847,interg_2566
3792354,3792357,interg_2567
3793249,3793256,interg_2568
3794868,3796447,interg_2569
3798490,3799242,interg_2570
3799944,3800091,interg_2571
3801464,3801652,interg_2572
3803849,3803918,interg_2573
3804792,3804864,interg_2574
3805576,3805620,interg_2575
3808438,3808460,interg_2576
3809388,3809441,interg_2577
3811637,3811718,interg_2578
3812346,3812500,interg_2579
3814079,3814089,interg_2580
3814999,3815026,interg_2581
3816107,3816128,interg_2582
3817176,3817238,interg_2583
3818028,3818041,interg_2584
3820403,3820652,interg_2585
3821892,3822261,interg_2586
3823864,3823879,interg_2587
3824585,3824701,interg_2588
3825269,3825329,interg_2589
3826218,3826251,interg_2590
3826959,3826990,interg_2591
3828728,3828782,interg_2592
3829911,3829929,interg_2593
3831520,3831725,interg_2594
3832137,3832145,interg_2595
3833677,3833693,interg_2596
3834522,3834891,interg_2597
3835201,3835271,interg_2598
3836892,3836985,interg_2599
3837289,3837554,interg_2600
3841421,3841713,interg_2601
3842077,3842238,interg_2602
3842770,3843035,interg_2603
3843735,3843884,interg_2604
3844641,3844737,interg_2605
3845971,3847164,interg_2606
3848806,3848843,interg_2607
3849000,3850371,interg_2608
3851755,3851791,interg_2609
3853214,3853214,interg_2610
3853929,3853938,interg_2611
3854794,3855014,interg_2612
3856890,3856910,interg_2613
3857388,3857396,interg_2614
3858240,3858258,interg_2615
3859663,3859664,interg_2616
3859977,3860023,interg_2617
3861371,3861494,interg_2618
3862391,3862623,interg_2619
3862927,3862946,interg_2620
3863265,3863316,interg_2621
3868239,3868351,interg_2622
3872497,3872616,interg_2623
3873406,3873451,interg_2624
3874133,3876051,interg_2625
3876823,3876889,interg_2626
3877433,3877463,interg_2627
3878508,3878658,interg_2628
3879265,3879272,interg_2629
3879693,3879695,interg_2630
3880071,3880285,interg_2631
3880400,3880431,interg_2632
3880654,3880906,interg_2633
3881765,3881836,interg_2634
3882833,3882833,interg_2635
3883443,3883524,interg_2636
3884918,3884974,interg_2637
3886070,3886072,interg_2638
3887084,3887143,interg_2639
3888803,3888807,interg_2640
3889342,3889361,interg_2641
3889869,3889947,interg_2642
3890734,3894092,interg_2643
3894390,3894425,interg_2644
3895608,3895819,interg_2645
3898886,3898908,interg_2646
3900403,3900492,interg_2647
3901183,3901323,interg_2648
3902107,3902149,interg_2649
3902813,3903077,interg_2650
3904617,3904621,interg_2651
3905567,3905771,interg_2652
3907008,3907666,interg_2653
3907991,3908071,interg_2654
3909739,3909889,interg_2655
3913370,3913379,interg_2656
3919201,3919219,interg_2657
3920063,3920096,interg_2658
3920862,3921086,interg_2659
3922041,3922064,interg_2660
3922257,3922470,interg_2661
3923674,3923697,interg_2662
3924820,3924889,interg_2663
3926399,3926568,interg_2664
3930715,3931004,interg_2665
3936711,3936876,interg_2666
3939258,3939616,interg_2667
3941762,3943811,interg_2668
3944964,3945091,interg_2669
3945749,3945793,interg_2670
3950264,3950823,interg_2671
3952471,3952543,interg_2672
3953336,3953430,interg_2673
3954271,3954324,interg_2674
3955522,3955549,interg_2675
3956261,3956324,interg_2676
3957369,3957520,interg_2677
3958433,3958447,interg_2678
3959513,3959528,interg_2679
3960714,3960754,interg_2680
3961787,3961799,interg_2681
3962325,3962438,interg_2682
3963600,3963604,interg_2683
3964055,3964478,interg_2684
3965193,3965883,interg_2685
3968945,3969342,interg_2686
3970564,3970704,interg_2687
3972454,3972551,interg_2688
3974501,3974510,interg_2689
3975297,3975368,interg_2690
3977061,3977061,interg_2691
3977923,3978058,interg_2692
3985446,3985556,interg_2693
3986733,3986843,interg_2694
3987300,3987381,interg_2695
3988297,3988318,interg_2696
3989099,3989152,interg_2697
3991524,3991620,interg_2698
3994743,3994829,interg_2699
3995700,3995803,interg_2700
3996965,3997028,interg_2701
3997632,3997979,interg_2702
3999639,3999646,interg_2703
4001590,4001636,interg_2704
4008434,4008718,interg_2705
4009283,4009296,interg_2706
4011072,4011085,interg_2707
4012271,4012416,interg_2708
4013494,4013510,interg_2709
4014042,4014076,interg_2710
4016213,4016483,interg_2711
4017084,4017088,interg_2712
4018169,4018357,interg_2713
4019072,4019261,interg_2714
4020129,4020141,interg_2715
4021384,4021424,interg_2716
4023804,4023867,interg_2717
4025040,4025055,interg_2718
4025545,4025829,interg_2719
4026379,4026443,interg_2720
4027887,4027890,interg_2721
4029763,4029870,interg_2722
4033159,4033268,interg_2723
4034043,4034056,interg_2724
4035711,4035856,interg_2725
4036685,4036730,interg_2726
4038051,4038157,interg_2727
4040705,4040980,interg_2728
4041320,4041422,interg_2729
4042941,4043040,interg_2730
4043860,4043861,interg_2731
4046119,4046302,interg_2732
4047497,4047704,interg_2733
4050586,4050600,interg_2734
4052884,4053517,interg_2735
4053848,4053880,interg_2736
4054043,4054141,interg_2737
4054697,4054811,interg_2738
4055124,4055196,interg_2739
4056376,4057732,interg_2740
4059886,4059983,interg_2741
4060269,4060294,interg_2742
4060592,4060647,interg_2743
4061890,4061898,interg_2744
4062199,4062526,interg_2745
4063250,4063253,interg_2746
4067286,4067422,interg_2747
4067912,4067956,interg_2748
4069055,4069174,interg_2749
4070471,4070513,interg_2750
4071581,4071790,interg_2751
4073612,4073633,interg_2752
4075410,4076983,interg_2753
4077731,4077883,interg_2754
4078451,4078519,interg_2755
4079750,4079924,interg_2756
4080561,4080570,interg_2757
4080766,4081159,interg_2758
4081352,4081515,interg_2759
4082722,4082806,interg_2760
4087258,4087609,interg_2761
4088189,4088327,interg_2762
4088532,4088780,interg_2763
4091097,4091232,interg_2764
4091518,4091840,interg_2765
4092879,4093631,interg_2766
4094528,4094659,interg_2767
4095301,4095323,interg_2768
4095531,4095539,interg_2769
4096116,4096138,interg_2770
4097995,4098095,interg_2771
4099149,4099646,interg_2772
4100511,4101264,interg_2773
4104476,4104530,interg_2774
4105458,4105458,interg_2775
4107085,4107791,interg_2776
4109748,4109782,interg_2777
4110482,4110826,interg_2778
4113516,4113520,interg_2779
4114343,4114473,interg_2780
4115895,4116001,interg_2781
4116380,4116477,interg_2782
4117153,4117257,interg_2783
4118053,4118058,interg_2784
4118515,4118529,interg_2785
4118692,4118775,interg_2786
4120956,4121197,interg_2787
4121555,4121915,interg_2788
4124349,4124416,interg_2789
4125377,4125438,interg_2790
4126480,4127294,interg_2791
4128726,4128750,interg_2792
4129084,4129322,interg_2793
4129692,4129892,interg_2794
4131713,4131738,interg_2795
4132393,4132517,interg_2796
4134593,4134725,interg_2797
4136049,4136121,interg_2798
4137115,4137205,interg_2799
4138139,4138201,interg_2800
4139756,4139804,interg_2801
4140464,4140492,interg_2802
4142023,4142043,interg_2803
4142746,4142747,interg_2804
4143921,4143950,interg_2805
4148187,4148317,interg_2806
4148963,4149090,interg_2807
4149481,4149590,interg_2808
4149912,4150029,interg_2809
4151041,4151179,interg_2810
4153484,4153739,interg_2811
4155675,4155739,interg_2812
4156730,4156980,interg_2813
4158223,4158226,interg_2814
4158923,4158930,interg_2815
4159822,4159888,interg_2816
4160501,4160511,interg_2817
4160914,4161047,interg_2818
4161774,4161814,interg_2819
4162259,4162305,interg_2820
4163719,4163735,interg_2821
4166732,4166820,interg_2822
4168129,4168535,interg_2823
4169301,4170213,interg_2824
4171144,4171420,interg_2825
4172615,4172954,interg_2826
4174764,4174872,interg_2827
4178071,4178284,interg_2828
4180616,4180679,interg_2829
4181721,4181757,interg_2830
4182835,4182933,interg_2831
4183993,4184011,interg_2832
4184513,4184525,interg_2833
4185891,4186088,interg_2834
4186578,4186633,interg_2835
4187696,4187698,interg_2836
4190233,4190283,interg_2837
4190518,4190832,interg_2838
4193246,4193390,interg_2839
4195374,4195439,interg_2840
4195803,4195885,interg_2841
4196099,4196170,interg_2842
4196507,4196723,interg_2843
4197108,4197235,interg_2844
4197596,4197627,interg_2845
4198138,4198204,interg_2846
4198598,4199246,interg_2847
4199706,4199720,interg_2848
4200222,4200420,interg_2849
4201889,4201893,interg_2850
4204418,4204425,interg_2851
4205374,4205537,interg_2852
4205841,4205861,interg_2853
4206918,4206995,interg_2854
4208877,4209046,interg_2855
4209527,4209581,interg_2856
4211010,4211079,interg_2857
4211785,4212292,interg_2858
4212983,4212995,interg_2859
4213941,4214069,interg_2860
4214430,4214614,interg_2861
4214888,4215199,interg_2862
4215776,4216403,interg_2863
4216731,4217133,interg_2864
4218196,4218240,interg_2865
4218826,4218848,interg_2866
4219674,4219684,interg_2867
4220933,4221088,interg_2868
4222649,4222693,interg_2869
4223681,4223698,interg_2870
4224896,4224984,interg_2871
4226986,4226988,interg_2872
4227526,4227528,interg_2873
4230101,4230255,interg_2874
4231237,4231319,interg_2875
4233598,4233609,interg_2876
4234537,4234779,interg_2877
4235266,4235373,interg_2878
4235740,4235778,interg_2879
4237930,4237931,interg_2880
4243148,4243232,interg_2881
4249811,4249877,interg_2882
4251006,4251084,interg_2883
4252867,4252992,interg_2884
4254328,4254379,interg_2885
4261147,4261152,interg_2886
4263067,4263354,interg_2887
4264366,4264562,interg_2888
4265463,4265641,interg_2889
4266659,4266952,interg_2890
4268837,4268924,interg_2891
4269834,4269839,interg_2892
4270338,4270365,interg_2893
4273476,4273738,interg_2894
4274594,4274797,interg_2895
4276418,4276570,interg_2896
4278086,4278393,interg_2897
4279216,4279229,interg_2898
4280016,4280032,interg_2899
4280789,4280791,interg_2900
4281572,4281646,interg_2901
4282403,4282448,interg_2902
4284332,4284418,interg_2903
4285826,4285972,interg_2904
4286687,4286720,interg_2905
4287936,4288259,interg_2906
4291530,4291638,interg_2907
4293175,4293224,interg_2908
4299606,4299811,interg_2909
4305009,4305055,interg_2910
4305686,4305756,interg_2911
4306812,4306866,interg_2912
4308915,4309046,interg_2913
4310397,4310400,interg_2914
4310815,4311008,interg_2915
4312670,4312764,interg_2916
4313542,4313566,interg_2917
4313981,4314177,interg_2918
4314724,4314737,interg_2919
4315563,4315567,interg_2920
4316597,4318774,interg_2921
4319267,4319280,interg_2922
4319641,4320703,interg_2923
4321328,4321537,interg_2924
4322072,4322325,interg_2925
4323235,4323498,interg_2926
4323898,4324014,interg_2927
4324672,4324682,interg_2928
4324968,4325073,interg_2929
4325479,4325494,interg_2930
4325969,4326003,interg_2931
4327474,4327548,interg_2932
4328200,4328400,interg_2933
4329409,4329416,interg_2934
4329615,4330038,interg_2935
4336082,4336776,interg_2936
4338522,4338848,interg_2937
4340028,4340269,interg_2938
4341479,4341565,interg_2939
4341878,4341879,interg_2940
4342732,4342769,interg_2941
4345036,4345038,interg_2942
4348725,4348826,interg_2943
4350603,4350744,interg_2944
4351045,4351074,interg_2945
4352182,4352273,interg_2946
4352577,4352608,interg_2947
4352897,4353009,interg_2948
4356543,4356692,interg_2949
4357536,4357592,interg_2950
4359783,4360198,interg_2951
4361926,4362031,interg_2952
4364758,4364978,interg_2953
4366839,4366907,interg_2954
4372707,4372799,interg_2955
4373631,4373725,interg_2956
4374014,4374048,interg_2957
4374373,4374483,interg_2958
4375684,4375761,interg_2959
4375996,4376261,interg_2960
4381941,4381942,interg_2961
4382852,4383007,interg_2962
4383641,4383652,interg_2963
4383986,4384146,interg_2964
4386309,4386364,interg_2965
4386815,4387364,interg_2966
4390433,4390436,interg_2967
4390710,4390719,interg_2968
4391032,4391096,interg_2969
4391607,4391630,interg_2970
4393074,4393448,interg_2971
4400152,4400185,interg_2972
4400855,4400869,interg_2973
4401635,4401727,interg_2974
4403083,4403191,interg_2975
4404413,4404432,interg_2976
4405168,4405456,interg_2977
4408203,4408333,interg_2978
4408898,4408968,interg_2979
4410930,4411532,interg_2980
